image_path,label
./flowers-recognition/test/3025.jpg,daisy
./flowers-recognition/test/3027.jpg,sunflower
./flowers-recognition/test/3028.jpg,dandelion
./flowers-recognition/test/3029.jpg,tulip
./flowers-recognition/test/3030.jpg,dandelion
./flowers-recognition/test/3031.jpg,daisy
./flowers-recognition/test/3032.jpg,tulip
./flowers-recognition/test/3033.jpg,rose
./flowers-recognition/test/3034.jpg,daisy
./flowers-recognition/test/3035.jpg,dandelion
./flowers-recognition/test/3036.jpg,rose
./flowers-recognition/test/3037.jpg,tulip
./flowers-recognition/test/3038.jpg,dandelion
./flowers-recognition/test/3039.jpg,sunflower
./flowers-recognition/test/3040.jpg,tulip
./flowers-recognition/test/3041.jpg,dandelion
./flowers-recognition/test/3042.jpg,tulip
./flowers-recognition/test/3043.jpg,dandelion
./flowers-recognition/test/3044.jpg,rose
./flowers-recognition/test/3045.jpg,sunflower
./flowers-recognition/test/3046.jpg,sunflower
./flowers-recognition/test/3047.jpg,tulip
./flowers-recognition/test/3048.jpg,tulip
./flowers-recognition/test/3049.jpg,daisy
./flowers-recognition/test/3050.jpg,sunflower
./flowers-recognition/test/3051.jpg,daisy
./flowers-recognition/test/3052.jpg,tulip
./flowers-recognition/test/3053.jpg,daisy
./flowers-recognition/test/3054.jpg,daisy
./flowers-recognition/test/3055.jpg,dandelion
./flowers-recognition/test/3056.jpg,dandelion
./flowers-recognition/test/3057.jpg,sunflower
./flowers-recognition/test/3058.jpg,rose
./flowers-recognition/test/3059.jpg,sunflower
./flowers-recognition/test/3060.jpg,daisy
./flowers-recognition/test/3061.jpg,tulip
./flowers-recognition/test/3062.jpg,tulip
./flowers-recognition/test/3063.jpg,sunflower
./flowers-recognition/test/3064.jpg,daisy
./flowers-recognition/test/3065.jpg,daisy
./flowers-recognition/test/3066.jpg,dandelion
./flowers-recognition/test/3068.jpg,daisy
./flowers-recognition/test/3069.jpg,dandelion
./flowers-recognition/test/3070.jpg,rose
./flowers-recognition/test/3071.jpg,tulip
./flowers-recognition/test/3072.jpg,daisy
./flowers-recognition/test/3073.jpg,rose
./flowers-recognition/test/3074.jpg,rose
./flowers-recognition/test/3075.jpg,rose
./flowers-recognition/test/3076.jpg,rose
./flowers-recognition/test/3077.jpg,dandelion
./flowers-recognition/test/3078.jpg,rose
./flowers-recognition/test/3079.jpg,tulip
./flowers-recognition/test/3080.jpg,sunflower
./flowers-recognition/test/3081.jpg,daisy
./flowers-recognition/test/3082.jpg,sunflower
./flowers-recognition/test/3083.jpg,sunflower
./flowers-recognition/test/3084.jpg,sunflower
./flowers-recognition/test/3085.jpg,daisy
./flowers-recognition/test/3087.jpg,dandelion
./flowers-recognition/test/3088.jpg,tulip
./flowers-recognition/test/3089.jpg,tulip
./flowers-recognition/test/3090.jpg,rose
./flowers-recognition/test/3091.jpg,rose
./flowers-recognition/test/3092.jpg,rose
./flowers-recognition/test/3093.jpg,tulip
./flowers-recognition/test/3094.jpg,tulip
./flowers-recognition/test/3095.jpg,tulip
./flowers-recognition/test/3096.jpg,sunflower
./flowers-recognition/test/3097.jpg,dandelion
./flowers-recognition/test/3098.jpg,tulip
./flowers-recognition/test/3099.jpg,sunflower
./flowers-recognition/test/3100.jpg,dandelion
./flowers-recognition/test/3101.jpg,daisy
./flowers-recognition/test/3102.jpg,tulip
./flowers-recognition/test/3103.jpg,daisy
./flowers-recognition/test/3104.jpg,daisy
./flowers-recognition/test/3105.jpg,tulip
./flowers-recognition/test/3107.jpg,daisy
./flowers-recognition/test/3108.jpg,dandelion
./flowers-recognition/test/3109.jpg,tulip
./flowers-recognition/test/3110.jpg,rose
./flowers-recognition/test/3111.jpg,dandelion
./flowers-recognition/test/3112.jpg,dandelion
./flowers-recognition/test/3113.jpg,tulip
./flowers-recognition/test/3114.jpg,daisy
./flowers-recognition/test/3115.jpg,rose
./flowers-recognition/test/3116.jpg,sunflower
./flowers-recognition/test/3117.jpg,tulip
./flowers-recognition/test/3118.jpg,dandelion
./flowers-recognition/test/3119.jpg,sunflower
./flowers-recognition/test/3120.jpg,tulip
./flowers-recognition/test/3121.jpg,tulip
./flowers-recognition/test/3122.jpg,rose
./flowers-recognition/test/3123.jpg,sunflower
./flowers-recognition/test/3124.jpg,rose
./flowers-recognition/test/3125.jpg,daisy
./flowers-recognition/test/3126.jpg,rose
./flowers-recognition/test/3127.jpg,dandelion
./flowers-recognition/test/3128.jpg,dandelion
./flowers-recognition/test/3129.jpg,tulip
./flowers-recognition/test/3130.jpg,dandelion
./flowers-recognition/test/3132.jpg,tulip
./flowers-recognition/test/3133.jpg,rose
./flowers-recognition/test/3134.jpg,tulip
./flowers-recognition/test/3135.jpg,dandelion
./flowers-recognition/test/3136.jpg,sunflower
./flowers-recognition/test/3137.jpg,dandelion
./flowers-recognition/test/3138.jpg,sunflower
./flowers-recognition/test/3139.jpg,rose
./flowers-recognition/test/3140.jpg,dandelion
./flowers-recognition/test/3141.jpg,sunflower
./flowers-recognition/test/3142.jpg,sunflower
./flowers-recognition/test/3143.jpg,rose
./flowers-recognition/test/3144.jpg,daisy
./flowers-recognition/test/3145.jpg,dandelion
./flowers-recognition/test/3146.jpg,sunflower
./flowers-recognition/test/3147.jpg,rose
./flowers-recognition/test/3148.jpg,rose
./flowers-recognition/test/3150.jpg,tulip
./flowers-recognition/test/3152.jpg,dandelion
./flowers-recognition/test/3153.jpg,tulip
./flowers-recognition/test/3154.jpg,daisy
./flowers-recognition/test/3155.jpg,rose
./flowers-recognition/test/3156.jpg,daisy
./flowers-recognition/test/3157.jpg,tulip
./flowers-recognition/test/3158.jpg,dandelion
./flowers-recognition/test/3159.jpg,tulip
./flowers-recognition/test/3160.jpg,dandelion
./flowers-recognition/test/3161.jpg,daisy
./flowers-recognition/test/3162.jpg,rose
./flowers-recognition/test/3163.jpg,tulip
./flowers-recognition/test/3164.jpg,dandelion
./flowers-recognition/test/3165.jpg,daisy
./flowers-recognition/test/3166.jpg,sunflower
./flowers-recognition/test/3168.jpg,daisy
./flowers-recognition/test/3169.jpg,sunflower
./flowers-recognition/test/3170.jpg,dandelion
./flowers-recognition/test/3171.jpg,tulip
./flowers-recognition/test/3173.jpg,sunflower
./flowers-recognition/test/3174.jpg,dandelion
./flowers-recognition/test/3176.jpg,dandelion
./flowers-recognition/test/3177.jpg,sunflower
./flowers-recognition/test/3178.jpg,dandelion
./flowers-recognition/test/3179.jpg,dandelion
./flowers-recognition/test/3180.jpg,tulip
./flowers-recognition/test/3181.jpg,dandelion
./flowers-recognition/test/3182.jpg,rose
./flowers-recognition/test/3183.jpg,dandelion
./flowers-recognition/test/3185.jpg,tulip
./flowers-recognition/test/3186.jpg,daisy
./flowers-recognition/test/3189.jpg,sunflower
./flowers-recognition/test/3190.jpg,tulip
./flowers-recognition/test/3191.jpg,tulip
./flowers-recognition/test/3192.jpg,daisy
./flowers-recognition/test/3193.jpg,dandelion
./flowers-recognition/test/3194.jpg,rose
./flowers-recognition/test/3195.jpg,rose
./flowers-recognition/test/3196.jpg,dandelion
./flowers-recognition/test/3197.jpg,tulip
./flowers-recognition/test/3198.jpg,daisy
./flowers-recognition/test/3199.jpg,dandelion
./flowers-recognition/test/3200.jpg,tulip
./flowers-recognition/test/3201.jpg,dandelion
./flowers-recognition/test/3202.jpg,daisy
./flowers-recognition/test/3203.jpg,daisy
./flowers-recognition/test/3204.jpg,sunflower
./flowers-recognition/test/3205.jpg,daisy
./flowers-recognition/test/3206.jpg,sunflower
./flowers-recognition/test/3207.jpg,tulip
./flowers-recognition/test/3208.jpg,tulip
./flowers-recognition/test/3210.jpg,dandelion
./flowers-recognition/test/3211.jpg,daisy
./flowers-recognition/test/3212.jpg,daisy
./flowers-recognition/test/3213.jpg,daisy
./flowers-recognition/test/3214.jpg,daisy
./flowers-recognition/test/3215.jpg,tulip
./flowers-recognition/test/3217.jpg,daisy
./flowers-recognition/test/3218.jpg,rose
./flowers-recognition/test/3219.jpg,sunflower
./flowers-recognition/test/3220.jpg,daisy
./flowers-recognition/test/3221.jpg,dandelion
./flowers-recognition/test/3223.jpg,dandelion
./flowers-recognition/test/3224.jpg,daisy
./flowers-recognition/test/3225.jpg,dandelion
./flowers-recognition/test/3226.jpg,rose
./flowers-recognition/test/3227.jpg,tulip
./flowers-recognition/test/3228.jpg,tulip
./flowers-recognition/test/3229.jpg,daisy
./flowers-recognition/test/3230.jpg,rose
./flowers-recognition/test/3231.jpg,rose
./flowers-recognition/test/3232.jpg,tulip
./flowers-recognition/test/3234.jpg,rose
./flowers-recognition/test/3235.jpg,dandelion
./flowers-recognition/test/3236.jpg,tulip
./flowers-recognition/test/3237.jpg,daisy
./flowers-recognition/test/3239.jpg,daisy
./flowers-recognition/test/3240.jpg,dandelion
./flowers-recognition/test/3241.jpg,dandelion
./flowers-recognition/test/3242.jpg,sunflower
./flowers-recognition/test/3243.jpg,sunflower
./flowers-recognition/test/3244.jpg,dandelion
./flowers-recognition/test/3245.jpg,sunflower
./flowers-recognition/test/3246.jpg,dandelion
./flowers-recognition/test/3247.jpg,daisy
./flowers-recognition/test/3248.jpg,dandelion
./flowers-recognition/test/3249.jpg,tulip
./flowers-recognition/test/3250.jpg,sunflower
./flowers-recognition/test/3251.jpg,daisy
./flowers-recognition/test/3252.jpg,tulip
./flowers-recognition/test/3253.jpg,rose
./flowers-recognition/test/3254.jpg,dandelion
./flowers-recognition/test/3255.jpg,tulip
./flowers-recognition/test/3256.jpg,tulip
./flowers-recognition/test/3257.jpg,daisy
./flowers-recognition/test/3258.jpg,dandelion
./flowers-recognition/test/3259.jpg,tulip
./flowers-recognition/test/3260.jpg,sunflower
./flowers-recognition/test/3262.jpg,rose
./flowers-recognition/test/3263.jpg,dandelion
./flowers-recognition/test/3264.jpg,dandelion
./flowers-recognition/test/3265.jpg,dandelion
./flowers-recognition/test/3266.jpg,sunflower
./flowers-recognition/test/3267.jpg,dandelion
./flowers-recognition/test/3268.jpg,tulip
./flowers-recognition/test/3270.jpg,daisy
./flowers-recognition/test/3271.jpg,dandelion
./flowers-recognition/test/3272.jpg,tulip
./flowers-recognition/test/3273.jpg,rose
./flowers-recognition/test/3274.jpg,daisy
./flowers-recognition/test/3275.jpg,daisy
./flowers-recognition/test/3276.jpg,tulip
./flowers-recognition/test/3277.jpg,dandelion
./flowers-recognition/test/3278.jpg,dandelion
./flowers-recognition/test/3279.jpg,daisy
./flowers-recognition/test/3280.jpg,dandelion
./flowers-recognition/test/3281.jpg,dandelion
./flowers-recognition/test/3282.jpg,tulip
./flowers-recognition/test/3283.jpg,sunflower
./flowers-recognition/test/3284.jpg,dandelion
./flowers-recognition/test/3285.jpg,dandelion
./flowers-recognition/test/3286.jpg,rose
./flowers-recognition/test/3287.jpg,sunflower
./flowers-recognition/test/3288.jpg,daisy
./flowers-recognition/test/3289.jpg,sunflower
./flowers-recognition/test/3290.jpg,daisy
./flowers-recognition/test/3291.jpg,dandelion
./flowers-recognition/test/3292.jpg,dandelion
./flowers-recognition/test/3293.jpg,rose
./flowers-recognition/test/3294.jpg,dandelion
./flowers-recognition/test/3295.jpg,tulip
./flowers-recognition/test/3297.jpg,dandelion
./flowers-recognition/test/3298.jpg,sunflower
./flowers-recognition/test/3299.jpg,rose
./flowers-recognition/test/3300.jpg,dandelion
./flowers-recognition/test/3301.jpg,sunflower
./flowers-recognition/test/3302.jpg,dandelion
./flowers-recognition/test/3303.jpg,rose
./flowers-recognition/test/3304.jpg,tulip
./flowers-recognition/test/3305.jpg,daisy
./flowers-recognition/test/3306.jpg,sunflower
./flowers-recognition/test/3307.jpg,dandelion
./flowers-recognition/test/3309.jpg,daisy
./flowers-recognition/test/3310.jpg,dandelion
./flowers-recognition/test/3311.jpg,daisy
./flowers-recognition/test/3312.jpg,rose
./flowers-recognition/test/3313.jpg,rose
./flowers-recognition/test/3314.jpg,daisy
./flowers-recognition/test/3315.jpg,dandelion
./flowers-recognition/test/3316.jpg,daisy
./flowers-recognition/test/3317.jpg,dandelion
./flowers-recognition/test/3318.jpg,dandelion
./flowers-recognition/test/3319.jpg,daisy
./flowers-recognition/test/3320.jpg,daisy
./flowers-recognition/test/3321.jpg,rose
./flowers-recognition/test/3322.jpg,sunflower
./flowers-recognition/test/3323.jpg,rose
./flowers-recognition/test/3324.jpg,tulip
./flowers-recognition/test/3325.jpg,dandelion
./flowers-recognition/test/3326.jpg,dandelion
./flowers-recognition/test/3327.jpg,rose
./flowers-recognition/test/3328.jpg,dandelion
./flowers-recognition/test/3329.jpg,dandelion
./flowers-recognition/test/3331.jpg,rose
./flowers-recognition/test/3332.jpg,daisy
./flowers-recognition/test/3333.jpg,sunflower
./flowers-recognition/test/3334.jpg,sunflower
./flowers-recognition/test/3335.jpg,dandelion
./flowers-recognition/test/3337.jpg,daisy
./flowers-recognition/test/3338.jpg,tulip
./flowers-recognition/test/3339.jpg,rose
./flowers-recognition/test/3340.jpg,sunflower
./flowers-recognition/test/3341.jpg,dandelion
./flowers-recognition/test/3342.jpg,daisy
./flowers-recognition/test/3344.jpg,dandelion
./flowers-recognition/test/3345.jpg,dandelion
./flowers-recognition/test/3346.jpg,daisy
./flowers-recognition/test/3347.jpg,tulip
./flowers-recognition/test/3348.jpg,rose
./flowers-recognition/test/3349.jpg,rose
./flowers-recognition/test/3350.jpg,daisy
./flowers-recognition/test/3351.jpg,dandelion
./flowers-recognition/test/3352.jpg,sunflower
./flowers-recognition/test/3353.jpg,dandelion
./flowers-recognition/test/3354.jpg,rose
./flowers-recognition/test/3355.jpg,tulip
./flowers-recognition/test/3356.jpg,dandelion
./flowers-recognition/test/3358.jpg,rose
./flowers-recognition/test/3359.jpg,daisy
./flowers-recognition/test/3360.jpg,dandelion
./flowers-recognition/test/3361.jpg,tulip
./flowers-recognition/test/3362.jpg,rose
./flowers-recognition/test/3363.jpg,tulip
./flowers-recognition/test/3364.jpg,daisy
./flowers-recognition/test/3365.jpg,daisy
./flowers-recognition/test/3366.jpg,dandelion
./flowers-recognition/test/3367.jpg,sunflower
./flowers-recognition/test/3368.jpg,sunflower
./flowers-recognition/test/3370.jpg,dandelion
./flowers-recognition/test/3371.jpg,dandelion
./flowers-recognition/test/3372.jpg,rose
./flowers-recognition/test/3373.jpg,dandelion
./flowers-recognition/test/3374.jpg,dandelion
./flowers-recognition/test/3375.jpg,dandelion
./flowers-recognition/test/3377.jpg,dandelion
./flowers-recognition/test/3378.jpg,tulip
./flowers-recognition/test/3380.jpg,sunflower
./flowers-recognition/test/3381.jpg,daisy
./flowers-recognition/test/3382.jpg,daisy
./flowers-recognition/test/3383.jpg,sunflower
./flowers-recognition/test/3384.jpg,dandelion
./flowers-recognition/test/3385.jpg,dandelion
./flowers-recognition/test/3386.jpg,tulip
./flowers-recognition/test/3387.jpg,tulip
./flowers-recognition/test/3388.jpg,rose
./flowers-recognition/test/3390.jpg,rose
./flowers-recognition/test/3391.jpg,daisy
./flowers-recognition/test/3392.jpg,dandelion
./flowers-recognition/test/3393.jpg,dandelion
./flowers-recognition/test/3395.jpg,rose
./flowers-recognition/test/3396.jpg,rose
./flowers-recognition/test/3397.jpg,dandelion
./flowers-recognition/test/3398.jpg,dandelion
./flowers-recognition/test/3399.jpg,dandelion
./flowers-recognition/test/3400.jpg,tulip
./flowers-recognition/test/3401.jpg,sunflower
./flowers-recognition/test/3402.jpg,dandelion
./flowers-recognition/test/3405.jpg,tulip
./flowers-recognition/test/3407.jpg,dandelion
./flowers-recognition/test/3409.jpg,sunflower
./flowers-recognition/test/3410.jpg,dandelion
./flowers-recognition/test/3411.jpg,rose
./flowers-recognition/test/3412.jpg,rose
./flowers-recognition/test/3413.jpg,rose
./flowers-recognition/test/3414.jpg,dandelion
./flowers-recognition/test/3415.jpg,dandelion
./flowers-recognition/test/3416.jpg,daisy
./flowers-recognition/test/3417.jpg,sunflower
./flowers-recognition/test/3418.jpg,tulip
./flowers-recognition/test/3419.jpg,tulip
./flowers-recognition/test/3420.jpg,rose
./flowers-recognition/test/3421.jpg,dandelion
./flowers-recognition/test/3422.jpg,rose
./flowers-recognition/test/3423.jpg,tulip
./flowers-recognition/test/3424.jpg,sunflower
./flowers-recognition/test/3425.jpg,daisy
./flowers-recognition/test/3427.jpg,rose
./flowers-recognition/test/3428.jpg,tulip
./flowers-recognition/test/3429.jpg,daisy
./flowers-recognition/test/3430.jpg,daisy
./flowers-recognition/test/3432.jpg,dandelion
./flowers-recognition/test/3433.jpg,dandelion
./flowers-recognition/test/3434.jpg,sunflower
./flowers-recognition/test/3435.jpg,tulip
./flowers-recognition/test/3436.jpg,daisy
./flowers-recognition/test/3437.jpg,rose
./flowers-recognition/test/3438.jpg,daisy
./flowers-recognition/test/3439.jpg,tulip
./flowers-recognition/test/3440.jpg,sunflower
./flowers-recognition/test/3441.jpg,tulip
./flowers-recognition/test/3443.jpg,daisy
./flowers-recognition/test/3444.jpg,dandelion
./flowers-recognition/test/3445.jpg,dandelion
./flowers-recognition/test/3446.jpg,sunflower
./flowers-recognition/test/3447.jpg,sunflower
./flowers-recognition/test/3448.jpg,sunflower
./flowers-recognition/test/3450.jpg,tulip
./flowers-recognition/test/3451.jpg,sunflower
./flowers-recognition/test/3452.jpg,daisy
./flowers-recognition/test/3453.jpg,tulip
./flowers-recognition/test/3454.jpg,rose
./flowers-recognition/test/3455.jpg,sunflower
./flowers-recognition/test/3456.jpg,tulip
./flowers-recognition/test/3457.jpg,sunflower
./flowers-recognition/test/3458.jpg,rose
./flowers-recognition/test/3459.jpg,dandelion
./flowers-recognition/test/3460.jpg,rose
./flowers-recognition/test/3461.jpg,tulip
./flowers-recognition/test/3462.jpg,rose
./flowers-recognition/test/3463.jpg,sunflower
./flowers-recognition/test/3464.jpg,rose
./flowers-recognition/test/3465.jpg,dandelion
./flowers-recognition/test/3466.jpg,rose
./flowers-recognition/test/3467.jpg,rose
./flowers-recognition/test/3468.jpg,dandelion
./flowers-recognition/test/3470.jpg,dandelion
./flowers-recognition/test/3471.jpg,dandelion
./flowers-recognition/test/3472.jpg,daisy
./flowers-recognition/test/3473.jpg,dandelion
./flowers-recognition/test/3474.jpg,tulip
./flowers-recognition/test/3475.jpg,dandelion
./flowers-recognition/test/3476.jpg,dandelion
./flowers-recognition/test/3477.jpg,rose
./flowers-recognition/test/3478.jpg,rose
./flowers-recognition/test/3479.jpg,tulip
./flowers-recognition/test/3480.jpg,dandelion
./flowers-recognition/test/3481.jpg,tulip
./flowers-recognition/test/3482.jpg,tulip
./flowers-recognition/test/3483.jpg,sunflower
./flowers-recognition/test/3484.jpg,daisy
./flowers-recognition/test/3485.jpg,tulip
./flowers-recognition/test/3486.jpg,dandelion
./flowers-recognition/test/3487.jpg,rose
./flowers-recognition/test/3488.jpg,sunflower
./flowers-recognition/test/3489.jpg,rose
./flowers-recognition/test/3490.jpg,sunflower
./flowers-recognition/test/3491.jpg,dandelion
./flowers-recognition/test/3492.jpg,tulip
./flowers-recognition/test/3493.jpg,tulip
./flowers-recognition/test/3494.jpg,dandelion
./flowers-recognition/test/3495.jpg,sunflower
./flowers-recognition/test/3496.jpg,dandelion
./flowers-recognition/test/3497.jpg,sunflower
./flowers-recognition/test/3498.jpg,daisy
./flowers-recognition/test/3499.jpg,daisy
./flowers-recognition/test/3500.jpg,dandelion
./flowers-recognition/test/3501.jpg,tulip
./flowers-recognition/test/3502.jpg,dandelion
./flowers-recognition/test/3503.jpg,dandelion
./flowers-recognition/test/3504.jpg,dandelion
./flowers-recognition/test/3505.jpg,daisy
./flowers-recognition/test/3506.jpg,tulip
./flowers-recognition/test/3507.jpg,rose
./flowers-recognition/test/3508.jpg,daisy
./flowers-recognition/test/3509.jpg,daisy
./flowers-recognition/test/3510.jpg,dandelion
./flowers-recognition/test/3511.jpg,sunflower
./flowers-recognition/test/3512.jpg,sunflower
./flowers-recognition/test/3513.jpg,sunflower
./flowers-recognition/test/3514.jpg,dandelion
./flowers-recognition/test/3515.jpg,dandelion
./flowers-recognition/test/3516.jpg,daisy
./flowers-recognition/test/3517.jpg,daisy
./flowers-recognition/test/3518.jpg,tulip
./flowers-recognition/test/3519.jpg,daisy
./flowers-recognition/test/3520.jpg,daisy
./flowers-recognition/test/3521.jpg,rose
./flowers-recognition/test/3522.jpg,daisy
./flowers-recognition/test/3526.jpg,tulip
./flowers-recognition/test/3527.jpg,dandelion
./flowers-recognition/test/3528.jpg,dandelion
./flowers-recognition/test/3529.jpg,dandelion
./flowers-recognition/test/3530.jpg,sunflower
./flowers-recognition/test/3531.jpg,daisy
./flowers-recognition/test/3532.jpg,rose
./flowers-recognition/test/3533.jpg,tulip
./flowers-recognition/test/3534.jpg,tulip
./flowers-recognition/test/3535.jpg,rose
./flowers-recognition/test/3539.jpg,dandelion
./flowers-recognition/test/3540.jpg,dandelion
./flowers-recognition/test/3541.jpg,dandelion
./flowers-recognition/test/3542.jpg,rose
./flowers-recognition/test/3543.jpg,tulip
./flowers-recognition/test/3544.jpg,rose
./flowers-recognition/test/3545.jpg,dandelion
./flowers-recognition/test/3546.jpg,sunflower
./flowers-recognition/test/3547.jpg,rose
./flowers-recognition/test/3548.jpg,rose
./flowers-recognition/test/3549.jpg,dandelion
./flowers-recognition/test/3550.jpg,rose
./flowers-recognition/test/3551.jpg,dandelion
./flowers-recognition/test/3552.jpg,dandelion
./flowers-recognition/test/3553.jpg,tulip
./flowers-recognition/test/3554.jpg,daisy
./flowers-recognition/test/3555.jpg,dandelion
./flowers-recognition/test/3556.jpg,rose
./flowers-recognition/test/3558.jpg,tulip
./flowers-recognition/test/3559.jpg,dandelion
./flowers-recognition/test/3560.jpg,dandelion
./flowers-recognition/test/3562.jpg,rose
./flowers-recognition/test/3563.jpg,dandelion
./flowers-recognition/test/3564.jpg,tulip
./flowers-recognition/test/3565.jpg,rose
./flowers-recognition/test/3566.jpg,tulip
./flowers-recognition/test/3567.jpg,dandelion
./flowers-recognition/test/3568.jpg,daisy
./flowers-recognition/test/3569.jpg,rose
./flowers-recognition/test/3570.jpg,sunflower
./flowers-recognition/test/3571.jpg,tulip
./flowers-recognition/test/3572.jpg,sunflower
./flowers-recognition/test/3573.jpg,tulip
./flowers-recognition/test/3574.jpg,tulip
./flowers-recognition/test/3575.jpg,dandelion
./flowers-recognition/test/3576.jpg,tulip
./flowers-recognition/test/3577.jpg,sunflower
./flowers-recognition/test/3578.jpg,dandelion
./flowers-recognition/test/3579.jpg,dandelion
./flowers-recognition/test/3580.jpg,rose
./flowers-recognition/test/3581.jpg,rose
./flowers-recognition/test/3582.jpg,rose
./flowers-recognition/test/3583.jpg,dandelion
./flowers-recognition/test/3584.jpg,sunflower
./flowers-recognition/test/3585.jpg,daisy
./flowers-recognition/test/3586.jpg,sunflower
./flowers-recognition/test/3588.jpg,sunflower
./flowers-recognition/test/3589.jpg,dandelion
./flowers-recognition/test/3590.jpg,sunflower
./flowers-recognition/test/3591.jpg,dandelion
./flowers-recognition/test/3592.jpg,daisy
./flowers-recognition/test/3593.jpg,dandelion
./flowers-recognition/test/3594.jpg,daisy
./flowers-recognition/test/3595.jpg,dandelion
./flowers-recognition/test/3596.jpg,tulip
./flowers-recognition/test/3597.jpg,tulip
./flowers-recognition/test/3599.jpg,dandelion
./flowers-recognition/test/3600.jpg,dandelion
./flowers-recognition/test/3601.jpg,rose
./flowers-recognition/test/3602.jpg,sunflower
./flowers-recognition/test/3603.jpg,tulip
./flowers-recognition/test/3604.jpg,daisy
./flowers-recognition/test/3605.jpg,rose
./flowers-recognition/test/3607.jpg,tulip
./flowers-recognition/test/3608.jpg,dandelion
./flowers-recognition/test/3609.jpg,sunflower
./flowers-recognition/test/3610.jpg,dandelion
./flowers-recognition/test/3611.jpg,tulip
./flowers-recognition/test/3612.jpg,tulip
./flowers-recognition/test/3613.jpg,tulip
./flowers-recognition/test/3614.jpg,daisy
./flowers-recognition/test/3615.jpg,dandelion
./flowers-recognition/test/3616.jpg,tulip
./flowers-recognition/test/3617.jpg,dandelion
./flowers-recognition/test/3619.jpg,rose
./flowers-recognition/test/3620.jpg,dandelion
./flowers-recognition/test/3621.jpg,dandelion
./flowers-recognition/test/3623.jpg,daisy
./flowers-recognition/test/3625.jpg,tulip
./flowers-recognition/test/3626.jpg,rose
./flowers-recognition/test/3627.jpg,rose
./flowers-recognition/test/3628.jpg,dandelion
./flowers-recognition/test/3629.jpg,tulip
./flowers-recognition/test/3630.jpg,daisy
./flowers-recognition/test/3631.jpg,daisy
./flowers-recognition/test/3632.jpg,sunflower
./flowers-recognition/test/3633.jpg,daisy
./flowers-recognition/test/3634.jpg,sunflower
./flowers-recognition/test/3635.jpg,tulip
./flowers-recognition/test/3636.jpg,dandelion
./flowers-recognition/test/3638.jpg,rose
./flowers-recognition/test/3639.jpg,daisy
./flowers-recognition/test/3640.jpg,daisy
./flowers-recognition/test/3641.jpg,daisy
./flowers-recognition/test/3642.jpg,tulip
./flowers-recognition/test/3644.jpg,dandelion
./flowers-recognition/test/3645.jpg,rose
./flowers-recognition/test/3646.jpg,dandelion
./flowers-recognition/test/3648.jpg,rose
./flowers-recognition/test/3649.jpg,dandelion
./flowers-recognition/test/3650.jpg,sunflower
./flowers-recognition/test/3651.jpg,sunflower
./flowers-recognition/test/3652.jpg,rose
./flowers-recognition/test/3653.jpg,sunflower
./flowers-recognition/test/3654.jpg,rose
./flowers-recognition/test/3655.jpg,tulip
./flowers-recognition/test/3656.jpg,tulip
./flowers-recognition/test/3657.jpg,rose
./flowers-recognition/test/3658.jpg,tulip
./flowers-recognition/test/3659.jpg,dandelion
./flowers-recognition/test/3660.jpg,rose
./flowers-recognition/test/3661.jpg,daisy
./flowers-recognition/test/3663.jpg,tulip
./flowers-recognition/test/3664.jpg,sunflower
./flowers-recognition/test/3665.jpg,dandelion
./flowers-recognition/test/3667.jpg,dandelion
./flowers-recognition/test/3668.jpg,sunflower
./flowers-recognition/test/3669.jpg,dandelion
./flowers-recognition/test/3670.jpg,dandelion
./flowers-recognition/test/3671.jpg,rose
./flowers-recognition/test/3672.jpg,dandelion
./flowers-recognition/test/3674.jpg,dandelion
./flowers-recognition/test/3675.jpg,tulip
./flowers-recognition/test/3676.jpg,dandelion
./flowers-recognition/test/3677.jpg,rose
./flowers-recognition/test/3678.jpg,sunflower
./flowers-recognition/test/3679.jpg,daisy
./flowers-recognition/test/3680.jpg,daisy
./flowers-recognition/test/3681.jpg,rose
./flowers-recognition/test/3682.jpg,daisy
./flowers-recognition/test/3683.jpg,daisy
./flowers-recognition/test/3684.jpg,dandelion
./flowers-recognition/test/3686.jpg,daisy
./flowers-recognition/test/3687.jpg,dandelion
./flowers-recognition/test/3688.jpg,sunflower
./flowers-recognition/test/3689.jpg,rose
./flowers-recognition/test/3690.jpg,dandelion
./flowers-recognition/test/3691.jpg,daisy
./flowers-recognition/test/3692.jpg,dandelion
./flowers-recognition/test/3693.jpg,dandelion
./flowers-recognition/test/3695.jpg,tulip
./flowers-recognition/test/3696.jpg,daisy
./flowers-recognition/test/3698.jpg,daisy
./flowers-recognition/test/3700.jpg,dandelion
./flowers-recognition/test/3701.jpg,tulip
./flowers-recognition/test/3702.jpg,tulip
./flowers-recognition/test/3703.jpg,rose
./flowers-recognition/test/3704.jpg,sunflower
./flowers-recognition/test/3705.jpg,tulip
./flowers-recognition/test/3706.jpg,dandelion
./flowers-recognition/test/3707.jpg,dandelion
./flowers-recognition/test/3708.jpg,tulip
./flowers-recognition/test/3709.jpg,tulip
./flowers-recognition/test/3710.jpg,sunflower
./flowers-recognition/test/3711.jpg,daisy
./flowers-recognition/test/3712.jpg,sunflower
./flowers-recognition/test/3713.jpg,sunflower
./flowers-recognition/test/3714.jpg,rose
./flowers-recognition/test/3715.jpg,dandelion
./flowers-recognition/test/3716.jpg,tulip
./flowers-recognition/test/3717.jpg,tulip
./flowers-recognition/test/3718.jpg,dandelion
./flowers-recognition/test/3719.jpg,tulip
./flowers-recognition/test/3720.jpg,tulip
./flowers-recognition/test/3721.jpg,rose
./flowers-recognition/test/3722.jpg,rose
./flowers-recognition/test/3723.jpg,dandelion
./flowers-recognition/test/3724.jpg,tulip
./flowers-recognition/test/3726.jpg,dandelion
./flowers-recognition/test/3728.jpg,tulip
./flowers-recognition/test/3729.jpg,dandelion
./flowers-recognition/test/3730.jpg,tulip
./flowers-recognition/test/3731.jpg,daisy
./flowers-recognition/test/3732.jpg,daisy
./flowers-recognition/test/3733.jpg,dandelion
./flowers-recognition/test/3734.jpg,rose
./flowers-recognition/test/3735.jpg,dandelion
./flowers-recognition/test/3736.jpg,sunflower
./flowers-recognition/test/3737.jpg,daisy
./flowers-recognition/test/3738.jpg,dandelion
./flowers-recognition/test/3739.jpg,sunflower
./flowers-recognition/test/3740.jpg,rose
./flowers-recognition/test/3741.jpg,rose
./flowers-recognition/test/3742.jpg,dandelion
./flowers-recognition/test/3743.jpg,rose
./flowers-recognition/test/3744.jpg,tulip
./flowers-recognition/test/3745.jpg,sunflower
./flowers-recognition/test/3746.jpg,sunflower
./flowers-recognition/test/3749.jpg,daisy
./flowers-recognition/test/3750.jpg,tulip
./flowers-recognition/test/3751.jpg,dandelion
./flowers-recognition/test/3752.jpg,sunflower
./flowers-recognition/test/3753.jpg,daisy
./flowers-recognition/test/3754.jpg,dandelion
./flowers-recognition/test/3755.jpg,daisy
./flowers-recognition/test/3757.jpg,tulip
./flowers-recognition/test/3758.jpg,sunflower
./flowers-recognition/test/3759.jpg,rose
./flowers-recognition/test/3761.jpg,tulip
./flowers-recognition/test/3763.jpg,sunflower
./flowers-recognition/test/3764.jpg,dandelion
./flowers-recognition/test/3765.jpg,sunflower
./flowers-recognition/test/3766.jpg,dandelion
./flowers-recognition/test/3767.jpg,rose
./flowers-recognition/test/3768.jpg,dandelion
./flowers-recognition/test/3769.jpg,tulip
./flowers-recognition/test/3770.jpg,sunflower
./flowers-recognition/test/3771.jpg,tulip
./flowers-recognition/test/3772.jpg,daisy
./flowers-recognition/test/3773.jpg,dandelion
./flowers-recognition/test/3774.jpg,sunflower
./flowers-recognition/test/3775.jpg,rose
./flowers-recognition/test/3776.jpg,sunflower
./flowers-recognition/test/3777.jpg,daisy
./flowers-recognition/test/3778.jpg,sunflower
./flowers-recognition/test/3779.jpg,rose
./flowers-recognition/test/3780.jpg,tulip
./flowers-recognition/test/3781.jpg,dandelion
./flowers-recognition/test/3782.jpg,sunflower
./flowers-recognition/test/3783.jpg,sunflower
./flowers-recognition/test/3784.jpg,dandelion
./flowers-recognition/test/3786.jpg,rose
./flowers-recognition/test/3787.jpg,tulip
./flowers-recognition/test/3788.jpg,tulip
./flowers-recognition/test/3789.jpg,tulip
./flowers-recognition/test/3790.jpg,sunflower
./flowers-recognition/test/3791.jpg,sunflower
./flowers-recognition/test/3792.jpg,daisy
./flowers-recognition/test/3793.jpg,dandelion
./flowers-recognition/test/3794.jpg,daisy
./flowers-recognition/test/3795.jpg,dandelion
./flowers-recognition/test/3797.jpg,dandelion
./flowers-recognition/test/3798.jpg,tulip
./flowers-recognition/test/3799.jpg,sunflower
./flowers-recognition/test/3800.jpg,daisy
./flowers-recognition/test/3801.jpg,dandelion
./flowers-recognition/test/3802.jpg,sunflower
./flowers-recognition/test/3803.jpg,sunflower
./flowers-recognition/test/3804.jpg,sunflower
./flowers-recognition/test/3805.jpg,dandelion
./flowers-recognition/test/3806.jpg,sunflower
./flowers-recognition/test/3807.jpg,rose
./flowers-recognition/test/3808.jpg,daisy
./flowers-recognition/test/3809.jpg,sunflower
./flowers-recognition/test/3810.jpg,tulip
./flowers-recognition/test/3811.jpg,rose
./flowers-recognition/test/3812.jpg,rose
./flowers-recognition/test/3813.jpg,tulip
./flowers-recognition/test/3814.jpg,tulip
./flowers-recognition/test/3815.jpg,dandelion
./flowers-recognition/test/3816.jpg,daisy
./flowers-recognition/test/3818.jpg,daisy
./flowers-recognition/test/3819.jpg,dandelion
./flowers-recognition/test/3820.jpg,dandelion
./flowers-recognition/test/3821.jpg,sunflower
./flowers-recognition/test/3822.jpg,dandelion
./flowers-recognition/test/3824.jpg,tulip
./flowers-recognition/test/3825.jpg,tulip
./flowers-recognition/test/3826.jpg,tulip
./flowers-recognition/test/3827.jpg,daisy
./flowers-recognition/test/3828.jpg,rose
./flowers-recognition/test/3829.jpg,sunflower
./flowers-recognition/test/3830.jpg,daisy
./flowers-recognition/test/3831.jpg,sunflower
./flowers-recognition/test/3832.jpg,daisy
./flowers-recognition/test/3833.jpg,tulip
./flowers-recognition/test/3834.jpg,dandelion
./flowers-recognition/test/3835.jpg,sunflower
./flowers-recognition/test/3836.jpg,tulip
./flowers-recognition/test/3837.jpg,dandelion
./flowers-recognition/test/3838.jpg,dandelion
./flowers-recognition/test/3839.jpg,tulip
./flowers-recognition/test/3840.jpg,dandelion
./flowers-recognition/test/3841.jpg,tulip
./flowers-recognition/test/3842.jpg,sunflower
./flowers-recognition/test/3844.jpg,dandelion
./flowers-recognition/test/3845.jpg,rose
./flowers-recognition/test/3847.jpg,tulip
./flowers-recognition/test/3848.jpg,sunflower
./flowers-recognition/test/3849.jpg,daisy
./flowers-recognition/test/3850.jpg,sunflower
./flowers-recognition/test/3851.jpg,tulip
./flowers-recognition/test/3852.jpg,tulip
./flowers-recognition/test/3853.jpg,rose
./flowers-recognition/test/3854.jpg,sunflower
./flowers-recognition/test/3855.jpg,sunflower
./flowers-recognition/test/3856.jpg,daisy
./flowers-recognition/test/3857.jpg,daisy
./flowers-recognition/test/3858.jpg,daisy
./flowers-recognition/test/3860.jpg,tulip
./flowers-recognition/test/3861.jpg,tulip
./flowers-recognition/test/3862.jpg,dandelion
./flowers-recognition/test/3863.jpg,tulip
./flowers-recognition/test/3865.jpg,sunflower
./flowers-recognition/test/3866.jpg,tulip
./flowers-recognition/test/3867.jpg,daisy
./flowers-recognition/test/3868.jpg,daisy
./flowers-recognition/test/3869.jpg,rose
./flowers-recognition/test/3870.jpg,daisy
./flowers-recognition/test/3871.jpg,dandelion
./flowers-recognition/test/3872.jpg,dandelion
./flowers-recognition/test/3873.jpg,rose
./flowers-recognition/test/3874.jpg,dandelion
./flowers-recognition/test/3875.jpg,dandelion
./flowers-recognition/test/3876.jpg,dandelion
./flowers-recognition/test/3877.jpg,sunflower
./flowers-recognition/test/3878.jpg,rose
./flowers-recognition/test/3880.jpg,rose
./flowers-recognition/test/3881.jpg,tulip
./flowers-recognition/test/3882.jpg,daisy
./flowers-recognition/test/3883.jpg,dandelion
./flowers-recognition/test/3884.jpg,dandelion
./flowers-recognition/test/3885.jpg,rose
./flowers-recognition/test/3886.jpg,rose
./flowers-recognition/test/3887.jpg,dandelion
./flowers-recognition/test/3888.jpg,sunflower
./flowers-recognition/test/3889.jpg,sunflower
./flowers-recognition/test/3890.jpg,dandelion
./flowers-recognition/test/3891.jpg,tulip
./flowers-recognition/test/3892.jpg,daisy
./flowers-recognition/test/3893.jpg,rose
./flowers-recognition/test/3894.jpg,dandelion
./flowers-recognition/test/3895.jpg,tulip
./flowers-recognition/test/3897.jpg,daisy
./flowers-recognition/test/3898.jpg,tulip
./flowers-recognition/test/3899.jpg,daisy
./flowers-recognition/test/3900.jpg,rose
./flowers-recognition/test/3901.jpg,sunflower
./flowers-recognition/test/3902.jpg,dandelion
./flowers-recognition/test/3903.jpg,sunflower
./flowers-recognition/test/3904.jpg,daisy
./flowers-recognition/test/3905.jpg,rose
./flowers-recognition/test/3906.jpg,dandelion
./flowers-recognition/test/3907.jpg,tulip
./flowers-recognition/test/3908.jpg,sunflower
./flowers-recognition/test/3909.jpg,tulip
./flowers-recognition/test/3910.jpg,sunflower
./flowers-recognition/test/3911.jpg,daisy
./flowers-recognition/test/3912.jpg,rose
./flowers-recognition/test/3913.jpg,dandelion
./flowers-recognition/test/3914.jpg,daisy
./flowers-recognition/test/3915.jpg,rose
./flowers-recognition/test/3916.jpg,tulip
./flowers-recognition/test/3917.jpg,dandelion
./flowers-recognition/test/3918.jpg,tulip
./flowers-recognition/test/3919.jpg,dandelion
./flowers-recognition/test/3921.jpg,tulip
./flowers-recognition/test/3922.jpg,dandelion
./flowers-recognition/test/3923.jpg,daisy
./flowers-recognition/test/3924.jpg,sunflower
./flowers-recognition/test/3925.jpg,dandelion
./flowers-recognition/test/3926.jpg,rose
./flowers-recognition/test/3927.jpg,daisy
./flowers-recognition/test/3928.jpg,rose
./flowers-recognition/test/3929.jpg,rose
./flowers-recognition/test/3931.jpg,tulip
./flowers-recognition/test/3932.jpg,rose
./flowers-recognition/test/3934.jpg,daisy
./flowers-recognition/test/3935.jpg,sunflower
./flowers-recognition/test/3936.jpg,tulip
./flowers-recognition/test/3937.jpg,dandelion
./flowers-recognition/test/3938.jpg,tulip
./flowers-recognition/test/3939.jpg,tulip
./flowers-recognition/test/3940.jpg,tulip
./flowers-recognition/test/3941.jpg,rose
./flowers-recognition/test/3942.jpg,dandelion
./flowers-recognition/test/3943.jpg,tulip
./flowers-recognition/test/3945.jpg,dandelion
./flowers-recognition/test/3946.jpg,rose
./flowers-recognition/test/3947.jpg,daisy
./flowers-recognition/test/3949.jpg,dandelion
./flowers-recognition/test/3950.jpg,daisy
./flowers-recognition/test/3951.jpg,tulip
./flowers-recognition/test/3952.jpg,dandelion
./flowers-recognition/test/3953.jpg,dandelion
./flowers-recognition/test/3954.jpg,tulip
./flowers-recognition/test/3956.jpg,dandelion
./flowers-recognition/test/3957.jpg,tulip
./flowers-recognition/test/3958.jpg,daisy
./flowers-recognition/test/3959.jpg,daisy
./flowers-recognition/test/3960.jpg,rose
./flowers-recognition/test/3961.jpg,daisy
./flowers-recognition/test/3962.jpg,rose
./flowers-recognition/test/3963.jpg,dandelion
./flowers-recognition/test/3964.jpg,rose
./flowers-recognition/test/3965.jpg,rose
./flowers-recognition/test/3966.jpg,dandelion
./flowers-recognition/test/3967.jpg,tulip
./flowers-recognition/test/3969.jpg,dandelion
./flowers-recognition/test/3971.jpg,dandelion
./flowers-recognition/test/3972.jpg,sunflower
./flowers-recognition/test/3973.jpg,daisy
./flowers-recognition/test/3974.jpg,sunflower
./flowers-recognition/test/3975.jpg,tulip
./flowers-recognition/test/3976.jpg,sunflower
./flowers-recognition/test/3977.jpg,tulip
./flowers-recognition/test/3978.jpg,rose
./flowers-recognition/test/3979.jpg,dandelion
./flowers-recognition/test/3980.jpg,dandelion
./flowers-recognition/test/3981.jpg,rose
./flowers-recognition/test/3982.jpg,dandelion
./flowers-recognition/test/3983.jpg,tulip
./flowers-recognition/test/3984.jpg,sunflower
./flowers-recognition/test/3985.jpg,tulip
./flowers-recognition/test/3986.jpg,sunflower
./flowers-recognition/test/3988.jpg,tulip
./flowers-recognition/test/3989.jpg,sunflower
./flowers-recognition/test/3990.jpg,sunflower
./flowers-recognition/test/3991.jpg,tulip
./flowers-recognition/test/3992.jpg,tulip
./flowers-recognition/test/3993.jpg,sunflower
./flowers-recognition/test/3994.jpg,tulip
./flowers-recognition/test/3995.jpg,tulip
./flowers-recognition/test/3996.jpg,daisy
./flowers-recognition/test/3997.jpg,tulip
./flowers-recognition/test/3998.jpg,tulip
./flowers-recognition/test/3999.jpg,tulip
./flowers-recognition/test/4000.jpg,sunflower
./flowers-recognition/test/4001.jpg,rose
./flowers-recognition/test/4002.jpg,tulip
./flowers-recognition/test/4003.jpg,tulip
./flowers-recognition/test/4004.jpg,dandelion
./flowers-recognition/test/4005.jpg,daisy
./flowers-recognition/test/4006.jpg,daisy
./flowers-recognition/test/4007.jpg,sunflower
./flowers-recognition/test/4008.jpg,tulip
./flowers-recognition/test/4009.jpg,tulip
./flowers-recognition/test/4010.jpg,tulip
./flowers-recognition/test/4011.jpg,daisy
./flowers-recognition/test/4012.jpg,tulip
./flowers-recognition/test/4013.jpg,daisy
./flowers-recognition/test/4014.jpg,dandelion
./flowers-recognition/test/4015.jpg,daisy
./flowers-recognition/test/4016.jpg,dandelion
./flowers-recognition/test/4017.jpg,tulip
./flowers-recognition/test/4019.jpg,dandelion
./flowers-recognition/test/4020.jpg,tulip
./flowers-recognition/test/4021.jpg,dandelion
./flowers-recognition/test/4022.jpg,sunflower
./flowers-recognition/test/4023.jpg,rose
./flowers-recognition/test/4026.jpg,sunflower
./flowers-recognition/test/4027.jpg,sunflower
./flowers-recognition/test/4028.jpg,tulip
./flowers-recognition/test/4029.jpg,tulip
./flowers-recognition/test/4030.jpg,sunflower
./flowers-recognition/test/4033.jpg,dandelion
./flowers-recognition/test/4034.jpg,sunflower
./flowers-recognition/test/4035.jpg,daisy
./flowers-recognition/test/4036.jpg,rose
./flowers-recognition/test/4037.jpg,sunflower
./flowers-recognition/test/4038.jpg,rose
./flowers-recognition/test/4039.jpg,tulip
./flowers-recognition/test/4040.jpg,dandelion
./flowers-recognition/test/4041.jpg,rose
./flowers-recognition/test/4042.jpg,daisy
./flowers-recognition/test/4043.jpg,tulip
./flowers-recognition/test/4045.jpg,tulip
./flowers-recognition/test/4046.jpg,tulip
./flowers-recognition/test/4047.jpg,sunflower
./flowers-recognition/test/4048.jpg,tulip
./flowers-recognition/test/4049.jpg,rose
./flowers-recognition/test/4052.jpg,tulip
./flowers-recognition/test/4053.jpg,rose
./flowers-recognition/test/4054.jpg,daisy
./flowers-recognition/test/4055.jpg,daisy
./flowers-recognition/test/4056.jpg,tulip
./flowers-recognition/test/4057.jpg,rose
./flowers-recognition/test/4058.jpg,sunflower
./flowers-recognition/test/4059.jpg,daisy
./flowers-recognition/test/4060.jpg,sunflower
./flowers-recognition/test/4061.jpg,tulip
./flowers-recognition/test/4062.jpg,tulip
./flowers-recognition/test/4063.jpg,dandelion
./flowers-recognition/test/4064.jpg,daisy
./flowers-recognition/test/4065.jpg,tulip
./flowers-recognition/test/4067.jpg,dandelion
./flowers-recognition/test/4068.jpg,daisy
./flowers-recognition/test/4069.jpg,sunflower
./flowers-recognition/test/4070.jpg,dandelion
./flowers-recognition/test/4071.jpg,sunflower
./flowers-recognition/test/4072.jpg,dandelion
./flowers-recognition/test/4073.jpg,sunflower
./flowers-recognition/test/4074.jpg,tulip
./flowers-recognition/test/4075.jpg,sunflower
./flowers-recognition/test/4076.jpg,tulip
./flowers-recognition/test/4077.jpg,daisy
./flowers-recognition/test/4078.jpg,daisy
./flowers-recognition/test/4079.jpg,dandelion
./flowers-recognition/test/4080.jpg,sunflower
./flowers-recognition/test/4081.jpg,sunflower
./flowers-recognition/test/4082.jpg,dandelion
./flowers-recognition/test/4083.jpg,sunflower
./flowers-recognition/test/4084.jpg,daisy
./flowers-recognition/test/4085.jpg,tulip
./flowers-recognition/test/4086.jpg,daisy
./flowers-recognition/test/4088.jpg,sunflower
./flowers-recognition/test/4089.jpg,sunflower
./flowers-recognition/test/4090.jpg,dandelion
./flowers-recognition/test/4091.jpg,dandelion
./flowers-recognition/test/4092.jpg,daisy
./flowers-recognition/test/4093.jpg,tulip
./flowers-recognition/test/4094.jpg,sunflower
./flowers-recognition/test/4095.jpg,tulip
./flowers-recognition/test/4096.jpg,tulip
./flowers-recognition/test/4097.jpg,tulip
./flowers-recognition/test/4098.jpg,rose
./flowers-recognition/test/4099.jpg,daisy
./flowers-recognition/test/4100.jpg,sunflower
./flowers-recognition/test/4101.jpg,tulip
./flowers-recognition/test/4102.jpg,daisy
./flowers-recognition/test/4103.jpg,daisy
./flowers-recognition/test/4104.jpg,rose
./flowers-recognition/test/4105.jpg,daisy
./flowers-recognition/test/4107.jpg,tulip
./flowers-recognition/test/4108.jpg,rose
./flowers-recognition/test/4109.jpg,dandelion
./flowers-recognition/test/4110.jpg,rose
./flowers-recognition/test/4111.jpg,sunflower
./flowers-recognition/test/4112.jpg,daisy
./flowers-recognition/test/4113.jpg,sunflower
./flowers-recognition/test/4114.jpg,tulip
./flowers-recognition/test/4115.jpg,tulip
./flowers-recognition/test/4116.jpg,rose
./flowers-recognition/test/4117.jpg,sunflower
./flowers-recognition/test/4119.jpg,dandelion
./flowers-recognition/test/4120.jpg,tulip
./flowers-recognition/test/4121.jpg,sunflower
./flowers-recognition/test/4122.jpg,sunflower
./flowers-recognition/test/4123.jpg,sunflower
./flowers-recognition/test/4124.jpg,sunflower
./flowers-recognition/test/4126.jpg,tulip
./flowers-recognition/test/4128.jpg,daisy
./flowers-recognition/test/4129.jpg,rose
./flowers-recognition/test/4130.jpg,daisy
./flowers-recognition/test/4131.jpg,dandelion
./flowers-recognition/test/4132.jpg,dandelion
./flowers-recognition/test/4134.jpg,sunflower
./flowers-recognition/test/4135.jpg,daisy
./flowers-recognition/test/4136.jpg,rose
./flowers-recognition/test/4137.jpg,daisy
./flowers-recognition/test/4138.jpg,rose
./flowers-recognition/test/4140.jpg,daisy
./flowers-recognition/test/4141.jpg,dandelion
./flowers-recognition/test/4142.jpg,rose
./flowers-recognition/test/4143.jpg,rose
./flowers-recognition/test/4144.jpg,rose
./flowers-recognition/test/4145.jpg,sunflower
./flowers-recognition/test/4147.jpg,dandelion
./flowers-recognition/test/4148.jpg,tulip
./flowers-recognition/test/4149.jpg,rose
./flowers-recognition/test/4150.jpg,dandelion
./flowers-recognition/test/4151.jpg,daisy
./flowers-recognition/test/4152.jpg,rose
./flowers-recognition/test/4153.jpg,daisy
./flowers-recognition/test/4155.jpg,sunflower
./flowers-recognition/test/4156.jpg,tulip
./flowers-recognition/test/4157.jpg,daisy
./flowers-recognition/test/4158.jpg,dandelion
./flowers-recognition/test/4159.jpg,daisy
./flowers-recognition/test/4160.jpg,daisy
./flowers-recognition/test/4161.jpg,sunflower
./flowers-recognition/test/4162.jpg,dandelion
./flowers-recognition/test/4163.jpg,sunflower
./flowers-recognition/test/4164.jpg,dandelion
./flowers-recognition/test/4165.jpg,tulip
./flowers-recognition/test/4166.jpg,tulip
./flowers-recognition/test/4167.jpg,sunflower
./flowers-recognition/test/4168.jpg,sunflower
./flowers-recognition/test/4169.jpg,tulip
./flowers-recognition/test/4170.jpg,daisy
./flowers-recognition/test/4171.jpg,sunflower
./flowers-recognition/test/4172.jpg,rose
./flowers-recognition/test/4173.jpg,tulip
./flowers-recognition/test/4175.jpg,sunflower
./flowers-recognition/test/4176.jpg,rose
./flowers-recognition/test/4177.jpg,tulip
./flowers-recognition/test/4179.jpg,sunflower
./flowers-recognition/test/4180.jpg,tulip
./flowers-recognition/test/4181.jpg,rose
./flowers-recognition/test/4182.jpg,rose
./flowers-recognition/test/4184.jpg,rose
./flowers-recognition/test/4185.jpg,rose
./flowers-recognition/test/4187.jpg,tulip
./flowers-recognition/test/4188.jpg,rose
./flowers-recognition/test/4189.jpg,tulip
./flowers-recognition/test/4190.jpg,tulip
./flowers-recognition/test/4192.jpg,tulip
./flowers-recognition/test/4193.jpg,tulip
./flowers-recognition/test/4195.jpg,tulip
./flowers-recognition/test/4197.jpg,dandelion
./flowers-recognition/test/4198.jpg,daisy
./flowers-recognition/test/4199.jpg,tulip
./flowers-recognition/test/4200.jpg,rose
./flowers-recognition/test/4201.jpg,sunflower
./flowers-recognition/test/4202.jpg,daisy
./flowers-recognition/test/4203.jpg,tulip
./flowers-recognition/test/4204.jpg,rose
./flowers-recognition/test/4205.jpg,sunflower
./flowers-recognition/test/4206.jpg,rose
./flowers-recognition/test/4207.jpg,rose
./flowers-recognition/test/4208.jpg,tulip
./flowers-recognition/test/4209.jpg,tulip
./flowers-recognition/test/4210.jpg,daisy
./flowers-recognition/test/4211.jpg,daisy
./flowers-recognition/test/4212.jpg,rose
./flowers-recognition/test/4213.jpg,dandelion
./flowers-recognition/test/4214.jpg,tulip
./flowers-recognition/test/4215.jpg,sunflower
./flowers-recognition/test/4216.jpg,sunflower
./flowers-recognition/test/4217.jpg,daisy
./flowers-recognition/test/4218.jpg,daisy
./flowers-recognition/test/4219.jpg,rose
./flowers-recognition/test/4221.jpg,sunflower
./flowers-recognition/test/4222.jpg,dandelion
./flowers-recognition/test/4223.jpg,dandelion
./flowers-recognition/test/4224.jpg,dandelion
./flowers-recognition/test/4226.jpg,rose
./flowers-recognition/test/4227.jpg,dandelion
./flowers-recognition/test/4228.jpg,dandelion
./flowers-recognition/test/4229.jpg,rose
./flowers-recognition/test/4230.jpg,sunflower
./flowers-recognition/test/4231.jpg,tulip
./flowers-recognition/test/4232.jpg,rose
./flowers-recognition/test/4233.jpg,rose
./flowers-recognition/test/4234.jpg,rose
./flowers-recognition/test/4235.jpg,tulip
./flowers-recognition/test/4236.jpg,rose
./flowers-recognition/test/4237.jpg,dandelion
./flowers-recognition/test/4238.jpg,tulip
./flowers-recognition/test/4240.jpg,rose
./flowers-recognition/test/4241.jpg,dandelion
./flowers-recognition/test/4242.jpg,sunflower
./flowers-recognition/test/4243.jpg,sunflower
./flowers-recognition/test/4245.jpg,rose
./flowers-recognition/test/4247.jpg,sunflower
./flowers-recognition/test/4248.jpg,tulip
./flowers-recognition/test/4249.jpg,rose
./flowers-recognition/test/4250.jpg,rose
./flowers-recognition/test/4251.jpg,sunflower
./flowers-recognition/test/4253.jpg,daisy
./flowers-recognition/test/4254.jpg,daisy
./flowers-recognition/test/4255.jpg,sunflower
./flowers-recognition/test/4256.jpg,dandelion
./flowers-recognition/test/4257.jpg,sunflower
./flowers-recognition/test/4258.jpg,rose
./flowers-recognition/test/4259.jpg,dandelion
./flowers-recognition/test/4260.jpg,rose
./flowers-recognition/test/4261.jpg,rose
./flowers-recognition/test/4262.jpg,rose
./flowers-recognition/test/4263.jpg,rose
./flowers-recognition/test/4265.jpg,daisy
./flowers-recognition/test/4266.jpg,tulip
./flowers-recognition/test/4267.jpg,sunflower
./flowers-recognition/test/4268.jpg,tulip
./flowers-recognition/test/4269.jpg,sunflower
./flowers-recognition/test/4270.jpg,tulip
./flowers-recognition/test/4271.jpg,daisy
./flowers-recognition/test/4272.jpg,dandelion
./flowers-recognition/test/4273.jpg,dandelion
./flowers-recognition/test/4274.jpg,rose
./flowers-recognition/test/4275.jpg,dandelion
./flowers-recognition/test/4276.jpg,dandelion
./flowers-recognition/test/4277.jpg,daisy
./flowers-recognition/test/4278.jpg,rose
./flowers-recognition/test/4280.jpg,dandelion
./flowers-recognition/test/4281.jpg,rose
./flowers-recognition/test/4282.jpg,daisy
./flowers-recognition/test/4283.jpg,daisy
./flowers-recognition/test/4284.jpg,dandelion
./flowers-recognition/test/4285.jpg,tulip
./flowers-recognition/test/4286.jpg,sunflower
./flowers-recognition/test/4287.jpg,dandelion
./flowers-recognition/test/4288.jpg,tulip
./flowers-recognition/test/4289.jpg,tulip
./flowers-recognition/test/4290.jpg,dandelion
./flowers-recognition/test/4291.jpg,rose
./flowers-recognition/test/4292.jpg,daisy
./flowers-recognition/test/4293.jpg,dandelion
./flowers-recognition/test/4294.jpg,sunflower
./flowers-recognition/test/4295.jpg,sunflower
./flowers-recognition/test/4296.jpg,rose
./flowers-recognition/test/4297.jpg,tulip
./flowers-recognition/test/4298.jpg,tulip
./flowers-recognition/test/4299.jpg,sunflower
./flowers-recognition/test/4300.jpg,rose
./flowers-recognition/test/4301.jpg,rose
./flowers-recognition/test/4302.jpg,sunflower
./flowers-recognition/test/4303.jpg,daisy
./flowers-recognition/test/4304.jpg,tulip
./flowers-recognition/test/4305.jpg,tulip
./flowers-recognition/test/4306.jpg,dandelion
./flowers-recognition/test/4307.jpg,dandelion
./flowers-recognition/test/4308.jpg,tulip
./flowers-recognition/test/4309.jpg,rose
./flowers-recognition/test/4310.jpg,daisy
./flowers-recognition/test/4311.jpg,daisy
./flowers-recognition/test/4314.jpg,dandelion
./flowers-recognition/test/4315.jpg,rose
./flowers-recognition/test/4316.jpg,rose
./flowers-recognition/test/4317.jpg,rose
./flowers-recognition/test/4318.jpg,dandelion
./flowers-recognition/test/4319.jpg,dandelion
./flowers-recognition/test/4320.jpg,tulip
./flowers-recognition/test/4321.jpg,rose
./flowers-recognition/test/4322.jpg,dandelion
./flowers-recognition/test/4323.jpg,tulip
